Entity,Code,Year,Colorectal cancer,Ovarian cancer,Stomach cancer,Lung cancer,Liver cancer,Pancreatic cancer
Australia,AUS,1995,58,36,23.9,12.6,11.2,5.66
Australia,AUS,1996,57.9,34.3,24.6,12.7,12.2,5.82
Australia,AUS,1997,58.7,35,24.6,13,11,6.43
Australia,AUS,1998,59.6,35,25.6,13.5,13.4,6.48
Australia,AUS,1999,60.6,36.4,26.5,13.8,13.3,6.72
Australia,AUS,2000,61.3,36.1,28,13.9,15.2,6.93
Australia,AUS,2001,62,35.7,27.8,14.2,13.9,7.75
Australia,AUS,2002,63.3,36.1,28.1,14.7,14.4,7.74
Australia,AUS,2003,63.9,36.8,27.7,15.2,14.6,7.23
Australia,AUS,2004,64.4,36.9,28.3,15.2,15.6,7.53
Australia,AUS,2005,64.6,37.7,28.7,15.6,16.7,8.3
Australia,AUS,2006,65.4,38.9,28.3,16.2,17.1,8.16
Australia,AUS,2007,66.9,40.2,29.2,16.7,17.7,8.21
Australia,AUS,2008,68.3,39.9,29.3,17.1,18.7,8.53
Australia,AUS,2009,68.7,40,30,17.5,19.8,10
Australia,AUS,2010,68.4,40.2,30.4,17.7,20.2,10.2
Australia,AUS,2011,69.6,40.6,31.3,18.5,20.6,10.9
Australia,AUS,2012,70.2,40.9,31.3,19.5,21.3,11.8
Australia,AUS,2013,70.7,42.5,32.2,20.1,21,13.4
Australia,AUS,2014,70.9,43.7,32.8,21.3,21.3,14.3
Canada,CAN,1995,56.3,34.7,20.5,14.9,11.7,6.59
Canada,CAN,1996,56.9,33.9,21.5,15.3,12.3,6.53
Canada,CAN,1997,57.5,34.3,21.8,15.5,13.5,7.05
Canada,CAN,1998,58.5,34.7,22.6,15.8,13.3,7.38
Canada,CAN,1999,59.3,36.7,22.7,15.8,14.1,7.46
Canada,CAN,2000,59.9,37.6,23.3,16.2,14.2,8.05
Canada,CAN,2001,60.7,38.3,23.7,16.8,16.8,8.44
Canada,CAN,2002,61.4,38,24.8,17,17.8,8.99
Canada,CAN,2003,61.7,37.6,25.3,16.9,19,8.69
Canada,CAN,2004,61.6,37.7,25.5,16.7,17.8,8.58
Canada,CAN,2005,62.1,37.7,25.3,17.1,17.2,8.5
Canada,CAN,2006,62.8,39.1,25,17.7,17.8,8.66
Canada,CAN,2007,63.8,40.2,25.4,18,18.7,9.01
Canada,CAN,2008,64.7,41.1,25.6,18.5,19.6,9.23
Canada,CAN,2009,65.7,41,26.7,18.9,19.1,9.97
Canada,CAN,2010,65.1,40.3,26.6,19.4,19.7,10.1
Canada,CAN,2011,66.1,41.3,27.7,20.3,19.3,10.5
Canada,CAN,2012,66.6,41,28.9,21.1,18.6,10.8
Canada,CAN,2013,67.1,41.1,29.7,22,19.1,11.3
Canada,CAN,2014,67.5,41.1,30.1,22.6,18.6,11.4
Denmark,DNK,1995,49.2,29.8,16.1,8.03,2.73,2.64
Denmark,DNK,1996,47,30.7,14.7,7.26,3.09,2.88
Denmark,DNK,1997,47.6,31.7,14,7.44,3.34,3.2
Denmark,DNK,1998,47.8,32.3,13.9,7.92,2.88,3.69
Denmark,DNK,1999,50,32.8,13.7,8.77,2.74,3.31
Denmark,DNK,2000,50.4,33.5,14.3,9.47,2.99,3.28
Denmark,DNK,2001,51.4,33.4,12.7,9.26,3.24,3.08
Denmark,DNK,2002,52.7,33.5,14.1,9.59,4.16,3.75
Denmark,DNK,2003,53.8,32.6,15.1,9.55,4.7,3.91
Denmark,DNK,2004,55.3,34.5,16.8,9.93,5.76,4.17
Denmark,DNK,2005,55.3,35.4,16.4,10.4,5.7,4.25
Denmark,DNK,2006,57.1,37.4,15.1,10.7,5.84,4.78
Denmark,DNK,2007,57.3,37.5,14.7,11.7,6.34,5.42
Denmark,DNK,2008,58.5,38.8,15,12,5.88,5.59
Denmark,DNK,2009,59.8,38.8,16.4,13.3,6.81,5.96
Denmark,DNK,2010,59.1,39.1,16.7,13.5,7.97,7.19
Denmark,DNK,2011,60.9,39.4,17.4,14.9,8.27,7.64
Denmark,DNK,2012,62.4,39.5,19.4,16.5,8.47,7.35
Denmark,DNK,2013,65,41.7,20.8,17.6,11.4,8.63
Denmark,DNK,2014,67,42,22.5,18.8,12.7,9.59
Ireland,IRL,1995,47.9,34.9,16.1,8.51,1.65,3.06
Ireland,IRL,1996,47,29.3,16.6,8.63,4.95,4.51
Ireland,IRL,1997,48.2,28.6,16.9,8.55,4.67,4.84
Ireland,IRL,1998,49.7,26.3,17.7,8.84,9.01,6.33
Ireland,IRL,1999,50.8,26.8,17.7,9.7,6.89,6.2
Ireland,IRL,2000,51.4,26.2,17.2,10.2,9.72,6.9
Ireland,IRL,2001,51.1,25.5,17.8,9.95,12.2,7.32
Ireland,IRL,2002,50.6,28.4,16.5,9.38,12.1,6.22
Ireland,IRL,2003,51.2,30.8,17.2,9.45,14.6,5.34
Ireland,IRL,2004,52.8,32.1,18.7,10.5,13.6,4.47
Ireland,IRL,2005,54.7,30.3,21,11.6,18.9,5.76
Ireland,IRL,2006,55.2,30,21.1,12,15.8,6.58
Ireland,IRL,2007,56.8,29.5,20.6,12.1,14.5,7.26
Ireland,IRL,2008,58,30.9,22.2,12.4,11.5,7.2
Ireland,IRL,2009,59.5,32.1,23.6,14.2,13.1,6.9
Ireland,IRL,2010,59,33.3,24.7,15.3,14.9,8.02
Ireland,IRL,2011,60.4,33.6,25.4,16.6,16.4,9.32
Ireland,IRL,2012,60.7,33.2,27.8,17.7,18.3,9.89
Ireland,IRL,2013,61,34.7,27.5,18.5,20,9.66
New Zealand,NZL,1995,57.8,34.6,20.4,12.1,21.3,6.58
New Zealand,NZL,1996,58,32.6,21.5,12,17.3,8.65
New Zealand,NZL,1997,57.9,31.1,21.6,11.9,16.1,8.33
New Zealand,NZL,1998,58.9,30.4,21.1,11.8,11.9,9.98
New Zealand,NZL,1999,59.2,31.5,21.1,11.2,9.09,8.93
New Zealand,NZL,2000,59.8,33.2,19.5,10.5,8.07,8.57
New Zealand,NZL,2001,59.9,31.9,22,10.5,9.37,7.36
New Zealand,NZL,2002,60.6,33.6,23.6,10.5,10.7,6.83
New Zealand,NZL,2003,60.7,34.5,26.4,11.2,11.3,7.51
New Zealand,NZL,2004,60.2,35,25,11.1,12.8,6.52
New Zealand,NZL,2005,60.3,32.4,24.1,11.1,13.4,6.98
New Zealand,NZL,2006,61.1,31.4,24.4,10.9,14,7.02
New Zealand,NZL,2007,62.1,32,25.3,11.4,16,7.4
New Zealand,NZL,2008,62.1,32.7,25.1,12,15.8,8.06
New Zealand,NZL,2009,62.1,33.5,22.9,12.6,16.3,6.87
New Zealand,NZL,2010,62.4,33.3,26.1,12.6,17.4,7.65
New Zealand,NZL,2011,62.7,35.3,25,13.5,15.9,7.62
New Zealand,NZL,2012,63.3,36.2,24.1,14.5,16.4,7.92
New Zealand,NZL,2013,63.6,37.1,23.6,14.9,17.2,8
New Zealand,NZL,2014,63.3,36.3,24.5,15.5,16.7,8.17
Norway,NOR,1995,53.3,34.1,17.6,10.3,10.8,3.9
Norway,NOR,1996,54.9,34.9,19.6,9.73,7.3,3.92
Norway,NOR,1997,55.3,35.7,21.2,10.3,6.2,3.85
Norway,NOR,1998,56.8,38.1,21.2,10.7,6.15,4.01
Norway,NOR,1999,57.1,38.3,22,11.5,5.22,4.85
Norway,NOR,2000,57.6,39.8,21.5,11.2,6.38,4.99
Norway,NOR,2001,57.5,39.7,22.7,10.8,6.19,4.9
Norway,NOR,2002,58.2,40.4,21.5,11.1,7.49,3.99
Norway,NOR,2003,59.1,41.2,21.1,11.9,7.4,4.16
Norway,NOR,2004,60.3,40.2,22.2,12.7,8.81,5.07
Norway,NOR,2005,61,40.4,22.3,13.3,9.75,5.28
Norway,NOR,2006,62.2,39.2,23.8,14.1,9.39,6.14
Norway,NOR,2007,62.9,41.7,24.3,15.3,12.4,5.8
Norway,NOR,2008,63.2,42.2,25.9,15.4,14.9,5.56
Norway,NOR,2009,63.8,42.1,26.3,15.7,17,5.85
Norway,NOR,2010,64.2,41.4,26,16,16.4,6.91
Norway,NOR,2011,64.5,40.4,25.6,16.8,17.7,7.65
Norway,NOR,2012,65.2,42.5,25.5,17.4,17.2,8.45
Norway,NOR,2013,65.9,44.7,26.6,19.1,20.3,9.2
Norway,NOR,2014,66.4,46.1,26.9,20.3,19.9,9.88
United Kingdom,GBR,1995,44.2,26.7,13.9,6.86,4.69,2.9
United Kingdom,GBR,1996,45.2,26.7,13.8,6.94,6.32,3.08
United Kingdom,GBR,1997,45.9,26.9,13.9,7.13,6.48,3.15
United Kingdom,GBR,1998,47.5,27,13.9,7.26,6.6,3.37
United Kingdom,GBR,1999,48.7,27.7,14.2,7.36,6.32,3.4
United Kingdom,GBR,2000,50.1,28.4,14.8,7.5,6.57,3.57
United Kingdom,GBR,2001,50.7,28.7,15.5,7.88,7.45,3.52
United Kingdom,GBR,2002,51.2,28.6,16,8.1,7.59,3.68
United Kingdom,GBR,2003,51.5,28.4,16.1,8.41,7.65,3.81
United Kingdom,GBR,2004,52.1,29.3,16.2,8.43,7.39,4.23
United Kingdom,GBR,2005,52.6,29.8,16.5,8.71,7.58,4.58
United Kingdom,GBR,2006,53.2,30.3,17.5,8.77,8.14,4.88
United Kingdom,GBR,2007,54.3,31.1,18.6,9.27,8.8,5.17
United Kingdom,GBR,2008,56,31.8,19.2,9.85,9.32,5.56
United Kingdom,GBR,2009,57.5,33.4,19.5,10.7,9.93,5.84
United Kingdom,GBR,2010,57.2,33.1,19.7,10.9,10.7,6.11
United Kingdom,GBR,2011,58.4,34,20.2,11.9,11.5,6.58
United Kingdom,GBR,2012,59.2,35.1,20.3,12.9,12.3,7
United Kingdom,GBR,2013,60,36.3,20.7,13.9,12.8,7.35
United Kingdom,GBR,2014,60,37.1,20.8,14.7,13.4,7.93